type;cosine;result;count;type
Антонимы;0.918516805768013;0.0;20;Антонимы
Сравнение;0.9078576374745023;0.21557971014492755;552;Сравнение
Прилагательное - наречие;0.9305456185262967;0.2222222222222222;306;Прилагательное - наречие
Национальность - прилагательное;0.9682913521925608;0.3333333333333333;6;Национальность - прилагательное
Семья;0.9375568176760818;0.6439393939393939;132;Семья
Столицы - страны;0.8324368993441263;0.6666666666666666;3;Столицы - страны
