type;cosine;result;count;type
Столицы - страны;0.8929193615913391;0.0;3;Столицы - страны
Антонимы;0.8942997455596924;0.0;2;Антонимы
Сравнение;0.8965733347580447;0.24561403508771928;342;Сравнение
Прилагательное - наречие;0.9296079305877463;0.26900584795321636;342;Прилагательное - наречие
Семья;0.9239336266404107;0.30952380952380953;42;Семья
Национальность - прилагательное;0.9755691836277643;0.3333333333333333;12;Национальность - прилагательное
